-- phpMyAdmin SQL Dump
-- version 4.5.1
-- http://www.phpmyadmin.net
--
-- Хост: 127.0.0.1
-- Время создания: Мар 12 2017 г., 13:08
-- Версия сервера: 10.1.19-MariaDB
-- Версия PHP: 7.0.13

SET SQL_MODE = "NO_AUTO_VALUE_ON_ZERO";
SET time_zone = "+00:00";


/*!40101 SET @OLD_CHARACTER_SET_CLIENT=@@CHARACTER_SET_CLIENT */;
/*!40101 SET @OLD_CHARACTER_SET_RESULTS=@@CHARACTER_SET_RESULTS */;
/*!40101 SET @OLD_COLLATION_CONNECTION=@@COLLATION_CONNECTION */;
/*!40101 SET NAMES utf8mb4 */;

--
-- База данных: `dbshop`
--

-- --------------------------------------------------------

--
-- Структура таблицы `category`
--

CREATE TABLE `category` (
  `id` int(11) NOT NULL,
  `name` varchar(255) NOT NULL,
  `alias` varchar(255) NOT NULL,
  `sort_order` int(11) NOT NULL DEFAULT '0',
  `status` int(11) NOT NULL DEFAULT '1'
) ENGINE=InnoDB DEFAULT CHARSET=utf8;

--
-- Дамп данных таблицы `category`
--

INSERT INTO `category` (`id`, `name`, `alias`, `sort_order`, `status`) VALUES
(1, 'Мобильные телефоны', 'mobile', 1, 1),
(2, 'Планшеты', 'tablet', 2, 1),
(3, 'Ноутбуки', 'laptop', 3, 1),
(4, 'Игровые приставки', 'konsole', 4, 1),
(5, 'Телевизоры', 'tv', 5, 1);

-- --------------------------------------------------------

--
-- Структура таблицы `comment`
--

CREATE TABLE `comment` (
  `id` int(11) NOT NULL,
  `comment` text NOT NULL,
  `date` timestamp NOT NULL DEFAULT CURRENT_TIMESTAMP,
  `user_id` int(11) NOT NULL,
  `product_id` int(11) NOT NULL,
  `is_recomended` int(1) NOT NULL DEFAULT '1',
  `raiting` int(11) NOT NULL
) ENGINE=InnoDB DEFAULT CHARSET=utf8;

-- --------------------------------------------------------

--
-- Структура таблицы `product`
--

CREATE TABLE `product` (
  `id` int(11) NOT NULL,
  `title` varchar(255) NOT NULL,
  `features` text NOT NULL,
  `description` text NOT NULL,
  `price` decimal(10,0) NOT NULL,
  `img` varchar(255) NOT NULL,
  `date` datetime NOT NULL,
  `stock` int(1) NOT NULL DEFAULT '0',
  `brand` varchar(255) NOT NULL,
  `keywords` text NOT NULL,
  `visible` int(1) NOT NULL DEFAULT '0',
  `product_type` varchar(255) NOT NULL,
  `category_id` int(11) NOT NULL
) ENGINE=InnoDB DEFAULT CHARSET=utf8;

--
-- Дамп данных таблицы `product`
--

INSERT INTO `product` (`id`, `title`, `features`, `description`, `price`, `img`, `date`, `stock`, `brand`, `keywords`, `visible`, `product_type`, `category_id`) VALUES
(1, 'ASUS ZENFONE 3 DELUXE 6/64GB LTE DUAL GOLD ', 'Экран 5.7" Super Amoled (1920x1080) сенсорный, емкостный Multi-Touch / 2 SIM карты / 4-х ядерный Qualcomm MSM8996 Snapdragon 820 / 6 ГБ оперативной памяти/ 64 ГБ встроенной памяти/ Wi-Fi b/g/n / Bluetooth / NFC / основная камера 23 Мп, фронтальная 8 Мп / GPS / 156.4 x 77.4 x 7.5 mm/ ОС Android 6.0 / 170 г / золотой', 'Две встроенные камеры, элегантный дизайн, малый вес и несколько привлекательных цветовых вариантов корпуса — все это делает ZenFone 3 превосходным выбором для молодых людей, ведущих активный и мобильный образ жизни.\r\n\r\nБескомпромиссная производительность\r\nУстанавливаемый в ZenFone 3 процессор Qualcomm Snapdragon 820 обладает высокой производительностью при низком энергопотреблении. Он обеспечивает быструю загрузку приложений и веб-сайтов, а также комфортную скорость в играх.\r\n\r\nПоддержка двух SIM-карт\r\nСмартфон ZenFone позволяет использовать сразу две SIM-карты одновременно, например, одну для работы, а другую — для личных целей. Передача данных по мобильным сетям может осуществляться на высокой скорости.', '8000', 'Asus-Zenfone-3-Deluxe-6-64Gb-LTE-Dual-Go-15348_sm.png', '2017-02-21 08:19:19', 1, 'asus', '', 0, 'mobile', 1),
(2, 'SAMSUNG GALAXY S7 DUOS 32GB BLACK', 'Диагональ экрана 5.1" Super AMOLED (2560х1440), сенсорный, емкостный, Multi-Touch/моноблок/поддержка 2-х симкарт/Exynos 8890 (Quad 2.3 ГГц + Quad 1.6 ГГц)/камера 12 Мп + фронтальная 5 Мп/Bluetooth 4.2/Wi-Fi a/b/g/n/ac/4 ГБ оперативной памяти/32 ГБ встроенной памяти/разъем 3.5 мм/LTE/GPS/ГЛОНАСС/OC Android 6.0/142.4 x 69.6 x 7.9 мм/152 г/черный', 'Обзор смартфона Samsung S7 Сильнее, прочнее и привлекательнее, все эти синонимы можно смело применить к новинке этого года – обновленной модели линейки Samsung Galaxy S7, который получил объемные панели, солидную защиту экрана (GorillaGlass 4 поколения), ну и естественно внутреннюю начинку. Постараемся поближе познакомиться с данной моделью и разобраться в этом царстве стекла и металла.\r\nВнешний дизайн аппарата футуристичен и манит своим необычным объемом, при этом лишен острых краев и отлично лежит в руке. Аккумулятор, как и в предыдущих моделях, самостоятельно снимать не рекомендуется, он несъемный. Немного выступающая над корпусом камера уже не так заметна и особо не мешает, на привычное место вернулся слот для карты MicroSD, который может работать как с картой памяти, так и с карточкой оператора связи. Фишкой GalaxyS7 является тщательно замаскированная защищенность от влаги и пыли, сей факт дает дополнительное преимущество владельцу данного устройства от бытовых неожиданностей. Удачный эксперимент по округленности грани экрана не остался незамеченным и неоцененным аудиторией покупателей, поэтому в новинке этот момент трогать не стали и на S 7 установили 5,1 дюймовый дисплей с разрешением 1440х2650 выполненный по технологии AMOLED. Он по-прежнему передает яркие, сочные краски и обладает хорошим запасом яркости.\r\nДатчик отпечатков пальцем работает безукоризненно и четко, из минусов - придется нажать на кнопку и чуть-чуть подождать.', '10000', 'samsung-galaxy-s7-duos-32gb-black-g930fd.jpg', '2017-02-21 12:16:31', 0, 'samsung', '', 0, 'mobile', 1),
(3, 'SAMSUNG GALAXY S7 EDGE DUOS 32GB GOLD', 'Диагональ экрана 5.5" Super AMOLED (2560х1440, сенсорный, емкостный, Multi-Touch)/2 SIM-карты/моноблок/8-ядерный процессор Exynos 8890 (Quad 2.3 ГГц + Quad 1.6 ГГц)/камера 12 Мп + фронтальная 5 Мп/Bluetooth 4.2/Wi-Fi a/b/g/n/ac/4 ГБ оперативной памяти/32 ГБ встроенной памяти/разъем 3.5 мм/LTE/GPS/ГЛОНАСС/OC Android 6.0/150.9 x 72.6 x 7.7 мм/ 157 г/золотой', 'Samsung Galaxy S7 Edge Duos 32Gb Gold G935FDЭкран 5.5" Super AMOLED (2560х1440, сенсорный, емкостный, Multi-Touch)/2 SIM-карты/моноблок/8-ядерный процессор Exynos 8890 (Quad 2.3 ГГц + Quad 1.6 ГГц)/камера 12 Мп + фронтальная 5 Мп/Bluetooth 4.2/Wi-Fi a/b/g/n/ac/4 ГБ оперативной памяти/32 ГБ встроенной памяти/разъем 3.5 мм/LTE/GPS/ГЛОНАСС/OC Android 6.0/150.9 x 72.6 x 7.7мм, 157 г/золотой', '15899', 'samsung-galaxy-s7-edge-duos-32gb-gold-g9-2135.png', '2017-02-21 07:28:28', 1, 'samsung', '', 0, 'mobile', 1),
(4, 'SAMSUNG GALAXY S7 DUOS 32GB SILVER', 'Диагональ экрана 5.1" Super AMOLED (2560х1440), сенсорный, емкостный, Multi-Touch/моноблок/поддержка 2-х симкарт/Exynos 8890 (Quad 2.3 ГГц + Quad 1.6 ГГц)/камера 12 Мп + фронтальная 5 Мп/Bluetooth 4.2/Wi-Fi a/b/g/n/ac/4 ГБ оперативной памяти/32 ГБ встроенной памяти/разъем 3.5 мм/LTE/GPS/ГЛОНАСС/OC Android 6.0/142.4 x 69.6 x 7.9мм, 152 г/серебро', 'Обзор смартфона Samsung S7 Сильнее, прочнее и привлекательнее, все эти синонимы можно смело применить к новинке этого года – обновленной модели линейки Samsung Galaxy S7, который получил объемные панели, солидную защиту экрана (GorillaGlass 4 поколения), ну и естественно внутреннюю начинку. Постараемся поближе познакомиться с данной моделью и разобраться в этом царстве стекла и металла.\r\nВнешний дизайн аппарата футуристичен и манит своим необычным объемом, при этом лишен острых краев и отлично лежит в руке. Аккумулятор, как и в предыдущих моделях, самостоятельно снимать не рекомендуется, он несъемный. Немного выступающая над корпусом камера уже не так заметна и особо не мешает, на привычное место вернулся слот для карты MicroSD, который может работать как с картой памяти, так и с карточкой оператора связи. Фишкой GalaxyS7 является тщательно замаскированная защищенность от влаги и пыли, сей факт дает дополнительное преимущество владельцу данного устройства от бытовых неожиданностей. Удачный эксперимент по округленности грани экрана не остался незамеченным и неоцененным аудиторией покупателей, поэтому в новинке этот момент трогать не стали и на S 7 установили 5,1 дюймовый дисплей с разрешением 1440х2650 выполненный по технологии AMOLED. Он по-прежнему передает яркие, сочные краски и обладает хорошим запасом яркости', '13923', 'samsung-galaxy-s7-duos-32gb-silver-g930f.jpg', '2017-02-21 07:21:24', 0, 'samsung', '', 0, 'mobile', 1),
(5, 'SAMSUNG GALAXY S7 EDGE DUOS 32GB SILVER', 'Диагональ экрана 5.5" Super AMOLED (2560х1440, сенсорный, емкостный, Multi-Touch)/2 SIM-карты/моноблок/8-ядерный процессор Exynos 8890 (Quad 2.3 ГГц + Quad 1.6 ГГц)/камера 12 Мп + фронтальная 5 Мп/Bluetooth 4.2/Wi-Fi a/b/g/n/ac/4 ГБ оперативной памяти/32 ГБ встроенной памяти/разъем 3.5 мм/LTE/GPS/ГЛОНАСС/OC Android 6.0/150.9 x 72.6 x 7.7 мм/ 157 г/золотой', 'Samsung Galaxy S7 Edge Duos 32Gb Gold G935FDЭкран 5.5" Super AMOLED (2560х1440, сенсорный, емкостный, Multi-Touch)/2 SIM-карты/моноблок/8-ядерный процессор Exynos 8890 (Quad 2.3 ГГц + Quad 1.6 ГГц)/камера 12 Мп + фронтальная 5 Мп/Bluetooth 4.2/Wi-Fi a/b/g/n/ac/4 ГБ оперативной памяти/32 ГБ встроенной памяти/разъем 3.5 мм/LTE/GPS/ГЛОНАСС/OC Android 6.0/150.9 x 72.6 x 7.7мм, 157 г/золотой', '15987', 'samsung-galaxy-s7-edge-duos-32gb-silver-2136.png', '2017-02-21 10:20:37', 0, 'samsung', '', 0, 'mobile', 1),
(6, ' SAMSUNG SM-T561N Galaxy Tab E 9.6 3G ZKA', 'Дисплей 9.6 " / Разрешение, пикс 1280x800 / Операционная система Android / Версия операционной системы 4.4 / Интернет и связь 2G (функции телефона); 3G / Процессор + видеочип Spreadtrum T-Shark 2 + Mali-400 / Частота процессора 1.3 ГГц / Встроенная память, Гб 8 / Оперативная память, Мб 1536 / Тыловая камера, Мп 5 / Фронтальная камера, Мп 2', 'Высокий уровень производительности планшета SAMSUNG, быстродействие системы и корректную работу устройства в режиме многозадачности обеспечивают четырехъядерный процессор с тактовой частотой 1.3 ГГц и 1.5 Гб оперативной памяти. Данная модель функционирует под управлением программной платформы Android Kitkat (4.4), которая имеет простой и понятный пользователю интерфейс. Для хранения личных данных, фото, музыки, видео и другого медиаконтента в планшете установлено постоянное запоминающее устройство с объемом памяти 8 Гб. Для расширения памяти данная модель оснащена слотом для карт памяти типа microSD объемом до 128 Гб.', '5999', '1.jpg', '2017-02-21 15:14:15', 1, 'samsung', '', 0, 'tablet', 2),
(7, 'LENOVO YOGA TAB 3 X50M 16GBL-UA ', 'Гарантия 12 мес. / Дисплей 10.1 " / Разрешение, пикс 1280x800 / Операционная система Android / Версия операционной системы 5.1 / Интернет и связь 3G; 4G (LTE) / Процессор + видеочип Qualcomm Snapdragon 210 MSM8909 + Adreno 304 / Частота процессора 1.3 ГГц / Встроенная память, Гб 16 / Оперативная память, Мб 2048 / Тыловая камера, Мп 8 / Фронтальная камера, Мп отсутствует', 'Современный и функциональный планшет от Lenovo, который обеспечивает новый уровень удобства благодаря необычной конструкции – батарея и подставка расположены сбоку устройства и его можно использовать в 4-х режимах (книга, консоль, клавиатура, картина). \r\n\r\nПланшет LENOVO YOGA TAB 3 X50M 16GBL-UA (ZA0K0025UA) работает на базе процессора Qualcomm Snapdragon 210 MSM8909 и имеет 2 Гб ОЗУ, что обеспечивает стабильно быструю работу в условиях высокой нагрузки. \r\n\r\nДанная модель оснащена IPS дисплеем с диагональю 10.1 дюйма и разрешением 1280 х 800 пикселей, который обеспечивает естественную цветопередачу изображения и имеет хорошие углы обзора. За качественное и объёмное звучание отвечает аудиосистема Dolby Atmos 3D и стереодинамики. ', '8000', '2.jpg', '2017-02-21 08:31:36', 0, 'lenovo', '', 0, 'tablet', 2),
(8, 'LENOVO Tab 2 A10-30L LTE Dark Blue ', 'Гарантия 12 мес. / Дисплей 10.1 " / Разрешение, пикс 1280x800 / Операционная система Android / Версия операционной системы 5.1 / Интернет и связь 3G; 4G (LTE) / Процессор + видеочип Qualcomm Snapdragon 210 MSM8909 + Adreno 304 / Частота процессора 1.1 ГГц / Встроенная память, Гб 16 / Оперативная память, Мб 2048 / Тыловая камера, Мп 5 / Фронтальная камера, Мп 2', 'Современный планшет от Lenovo в классическом дизайне. Процессор Qualcomm Snapdragon 210 MSM8909, графика Adreno 304 и 2 Гб оперативной памяти позволяют стабильно и комфортно работать в условиях повышенной нагрузки. \r\n\r\nПланшет LENOVO Tab 2 A10-30L LTE Dark Blue (ZA0D0079UA) оснащен 10-дюймовым IPS дисплеем с разрешением 1280 х 800 пикселей, который обеспечивает достаточную яркость и контрастность картинки. \r\n\r\nДанная модель имеет 2 камеры: основная на 5 Мп и фронтальная на 2 Мп. Коммуникационные возможности представлены поддержкой технологий Wi–Fi, Bluetooth и GPS, а также возможностью работы в 3G и 4G (LTE) сетях. ', '7599', '3.jpg', '2017-02-21 06:32:20', 0, 'lenovo', '', 0, 'tablet', 2),
(9, 'HUAWEI Mediapad T1', 'Дисплей 7 " / Разрешение, пикс 1024x600 / Операционная система Android / Версия операционной системы 4.4 / Интернет и связь 2G (функции телефона); 3G / Процессор + видеочип Spreadtrum SC7731G + Mali-400 / Частота процессора 1.2 ГГц / Встроенная память, Гб 8 / Оперативная память, Мб 1024 / Тыловая камера, Мп 2 / Фронтальная камера, Мп 2', 'омпактный 7-дюймовый планшет от HUAWEI всегда удобно взять с собой в дорогу. Несмотря на компактность, он оснащен производительными аппаратными возможностями. \r\n\r\nHUAWEI Mediapad T1 (T1-701U) оснащена четырёхъядерным процессором Spreadtrum SC7731G (Cortex-A7) с тактовой частотой 1.2 ГГц и оперативной памятью объемом 1 Гб. Встроенная память 8 Гб даст возможность сохранить некоторую информацию на устройстве, увеличить объемом поможет слот под карту памяти microSDHC на 32 Гб. \r\n\r\nНа задней стороне расположена камера разрешением 2 Мп, на передней - 2 Мп. Планшет имеет встроенный модуль 3G, поддерживает звонки и смс.', '2500', '4.jpg', '2017-02-21 11:21:33', 1, 'huawei', '', 0, 'tablet', 2),
(11, 'SAMSUNG SM-T585N Galaxy Tab A 10.1 LTE ZKA', 'Дисплей 10.1 " / Разрешение, пикс 1920x1200 / Операционная система Android / Версия операционной системы 6.0 / Интернет и связь 2G (функции телефона); 3G; 4G (LTE) / Процессор + видеочип Samsung Exynos 7 Octa 7870 + Mali-T830 / Частота процессора 1.6 ГГц / Встроенная память, Гб 16 / Оперативная память, Мб 2048 / Тыловая камера, Мп 8 / Фронтальная камера, Мп 2', '\r\nLorem ipsum dolor sit amet, consectetur adipiscing elit, sed do eiusmod tempor incididunt ut labore et dolore magna aliqua. Ut enim ad minim veniam, quis nostrud exercitation ullamco laboris nisi ut aliquip ex ea commodo consequat. Duis aute irure dolor in reprehenderit in voluptate velit esse cillum dolore eu fugiat nulla pariatur. Excepteur sint occaecat cupidatat non proident, sunt in culpa qui officia deserunt mollit anim id est laborum.\r\n', '7854', '5.jpg', '2017-02-21 06:26:15', 0, 'samsung', '', 0, 'tablet', 2),
(12, 'SONY XPERIA Z5 DUAL GRAPHITE BLACK', 'Диагональ экрана 5.2" (1920х1080) IPS Triluminos Display сенсорный, Multitouch/моноблок/8-ядерный Qualcomm Snapdragon 810 MSM8994 (1,5+2 ГГц)/ОЗУ 3 ГБ/камера 23 Мп + фронтальная 5 Мп/Bluetooth 4.1/Wi-Fi 802.11 n/ac/32 ГБ встроенной памяти + поддержка microSD до 200Гб/пылевлагозащищённый/разъем 3.5 мм/3G/4G/NFC/A-GPS/Android 5.1/146 x 72 x 7.3 мм, 154 г/черный', 'Sony Xperia Z5 Dual Как и ожидалось, с момента появления на рынке смартфонов XperiaZсерии от фирмы Sony, модельный ряд постоянно обновляется. Несмотря на то, что линейка итак пользуется успехом, SonyXperiaZ5 предстал перед нами с отличным дизайном от предшественников. Многие могут сказать, что ничего такого особенно нового в нем нет, но знатоки перемены увидели сразу. Если не вдаваться в подробности, то скажем, что, хорошо изучив плюсы и минусы, в компании сделали все, чтобы смартфон стал еще удобнее в пользовании.\r\nВ новинке появился сканер отпечатков пальцев, может быть это и ново, но поклонники Sony-styleвероятнее всего ждали его появление с нетерпением. Немного забегая вперед, скажем, что акцент сделан также и на сумасшедшую 23 Мп камеру, которую можно назвать самой шустрой за всю историю мобильных камер.', '18000', 'sony-xperia-z5-dual-graphite-black-e6683.jpg', '2017-02-21 18:24:26', 0, 'sony', '', 0, 'mobile', 1),
(13, 'XIAOMI REDMI 4 PRIME 3/32GB DUAL GOLD', 'Экран: 5" (1080 x 1920) / Процессор: Qualcomm MSM8953 Snapdragon 625, 8 ядра, 2.0 ГГц / ОЗУ: 3 ГБ / Встроенная память: 32 ГБ / Wi-Fi: a/b/g/n / Bluetooth: 4.1 / Камера: 13 + 5 Мп / ОС: Android 6.0 / Размер: 141.3 x 69.6 x 8.9 мм / Вес: 156 г', ' Xiaomi Redmi 4 — смартфон от компании Xiaomi, представленный в конце 2016-го года. Новинка доступна в двух конфигурациях — Redmi 4 Prime и Redmi 4 Standard Edition.\r\n\r\nОтполированный металлический корпус\r\nЦельный металлический корпус Xiaomi Redmi 4 получился легким и прочным. Он долговечный и износостойкий, а также защищает внутренние компоненты при падении и способствует лучшему теплоотводу. Xiaomi преображает грубый кусок металла в произведение искусства. Материал прошел 30 видов обработки для его безупречной поверхности. Качественная полировка, пескоструйная обработка, анодирование и сверхточная ЧПУ резка — все для того, чтобы вы могли насладиться дизайном и приятно чувствовать телефон в руке.\r\n\r\nЕмкий аккумулятор\r\nНовинки Redmi 4 получили мощную батарею на 4100 мАч. Хотите провести вечер за просмотром 10-серийного фильма или запустить онлайн игру? Смартфон позаботится о стойкости заряда! Значительный объем аккумулятора позволит вам надолго сохранить заряд даже при активной эксплуатации смартфона. Xiaomi Redmi 4 развлечет вас в дороге, и позволит сделать все необходимые важные звонки.', '18599', 'Xiaomi-Redmi-4-32GB-Gold-17836.png', '2017-02-21 06:24:35', 0, 'xiaomi', '', 0, 'mobile', 1),
(14, 'LENOVO IDEAPHONE A916 BLACK', 'Диагональ экрана 5.5" (1280 x 720) IPS, сенсорный емкостный multi-touch/моноблок/2 SIM-карты/8-ядерный процессор MT6592M + Mali 450MP4 1.4 ГГц/основная камера 13 Мп + фронтальная 2Мп/Bluetooth 3.0/Wi-Fi 802.11 b/g/n/1 ГБ оперативной памяти/8 ГБ встроенной памяти + поддержка microSD (до 32 ГБ)/разъем 3.5 мм/3G/A-GPS/OC Android 4.2/149,5 x 76,6 x 8,7 мм/темно-серый', 'Удачный маркетинг или все же качество, относительно недавно появился китайский бренд Lenovo, который постоянно преподносит нам сюрпризы, как в сфере выпускаемых продуктов, так и их ценовой составляющей. Качество и престиж устройств этой фирмы уже давно сумели оценить покупатели, сегодняшний обзор посвящен моделиLenovo A916.\r\nФаблет получил диагональ 5,5 дюймов и 8 ядреный процессор с частотой камня 1,4 Ггц, один гигабайт оперативной памяти, 8Гб внутренней, основную камеру 13 Мп и 2 Мп фронтальную, автономность батареи 2500 мАч. Теперь немного разберем подробнее, дизайн смартфона кардинально не отличается от собратьев по цеху, местами даже где-то напоминает модели других производителей, особенно использованием пластика задней крышки сравнимым с материалом «под кожу» и серебристым ободком на скругленных краях. Спереди все классически, на своих местах датчики, сенсорные кнопки внизу экрана, сзади камера, вспышка и динамик также на свих местах, громкость и блокировка с правого бока.', '15699', 'lenovo-ideaphone-a916-grey.jpg', '2017-02-21 08:20:41', 0, 'lenovo', '', 0, 'mobile', 1),
(15, 'HUAWEI ASCEND MATE 8 3/32 DUAL SILVER', 'Экран 6” IPS 1920x1080, сенсорный емкостный, Multi-Touch/8-ядерный Hisilicon Kirin 950 (2.3/1.8)/ОЗУ 3 ГБ/32 ГБ встроенной памяти + поддержка microSD/основная камера: 16 Мп, фронтальная камера: 8 Мп/Bluetooth 4.0/Wi-Fi 802.11 a/b/g/n/GPS + GLONASS/разъем 3.5 мм/OC Android 6 +Huawei Emotion UI/157.1 x 80.6 x 7.9 мм,185 г/серый', 'Huawei Ascend Mate 8Экран6” IPS 1920x1080, сенсорный емкостный, Multi-Touch/8-ядерный Hisilicon Kirin 950 (2.3/1.8)/ОЗУ 3 ГБ/32 ГБ встроенной памяти + поддержка microSD/основная камера: 16 Мп, фронтальная камера: 8 Мп/Bluetooth 4.0/Wi-Fi 802.11 a/b/g/n/GPS + GLONASS/разъем 3.5 мм/OC Android 6 +Huawei Emotion UI/157.1 x 80.6 x 7.9 мм,185 г/черный100% Оригинальный товар!Бесплатная доставка по Одессе!', '21000', 'Huawei-Ascend-Mate-8-3-32-Dual-Silver-14760.jpeg', '2017-02-21 15:22:00', 0, 'huawei', '', 0, 'mobile', 1),
(16, 'SAMSUNG SM-T719N Galaxy Tab S2 8.0 LTE ZDE', 'Дисплей 8 " / Разрешение, пикс 2048x1536 / Операционная система Android / Версия операционной системы 6.0 / Интернет и связь 2G (функции телефона); 3G; 4G (LTE) / Процессор + видеочип Qualcomm Snapdragon 652 MSM8976 + Adreno 510 / Частота процессора 1.8 ГГц / Встроенная память, Гб 32 / Оперативная память, Мб 3072 / Тыловая камера, Мп 8 / Фронтальная камера, Мп 2.1', 'Современный планшет SAMSUNG SM-T719N Galaxy Tab S2 8.0 LTE ZDE порадует пользователя функциональностью и безупречным дизайном. Благодаря плавно закругленным боковым граням, необычайно тонкому профилю и легкой конструкции устройство комфортно держать в руках и брать в длительные поездки. Также стоит отметить, что планшет оборудован чувствительным сканером отпечатков пальцев, который является действенным способом обеспечения безопасности устройства.\r\n\r\nМодель получила 8-дюймовый сенсорный дисплей, который построен на базе матрицы Super AMOLED с разрешением 2048 x 1536 пикселей. Широкие углы обзора и высокая плотность пикселей гарантируют качественную картинку даже в солнечные дни. Благодаря соотношению сторон 4:3 на планшете удобно читать книги, журналы и осуществлять веб-серфинг. Для оперативного выполнения поставленных задач и стабильной работы устройства в режиме многозадачности предусмотрен мощный 8-ядерный процессор Qualcomm MSM8976 Snapdragon 652 и 3 Гб ОЗУ. Внутренний накопитель объемом 32 Гб позволяет хранить большое количество фотографий, фильмов, игр и других мультимедийных приложений. Работает модель под управлением ОС Android v6.0.1 (Marshmallow). Также стоит отметить, что планшет оборудован аккумулятором ёмкостью 4000 мАч, который подарит длительное время службы в автономном режиме.', '8799', '6.jpg', '2017-02-21 13:34:35', 0, 'samsung', '', 0, 'mobile', 1),
(17, 'APPLE A1673 iPad Pro 9.7-inch Wi-Fi 256GB Rose Gold', 'Дисплей 9.7 " / Разрешение, пикс 2048x1536 / Операционная система iOS / Версия операционной системы 9.3 / Процессор + видеочип Apple A9X / Частота процессора 2.1 ГГц / Встроенная память, Гб 256 / Оперативная память, Мб 2048 / Тыловая камера, Мп 12 / Фронтальная камера, Мп 5', 'Этот современный планшет сочетает в себе универсальность, безграничную вычислительную мощность и лёгкость в использовании софта. Модель APPLE A1673 iPad 9.7 Pro-inch выполнена в узнаваемом, максимально продуманном и доведенным до совершенства дизайне. На фронтальной части корпуса расположена традиционная кнопка «домой», которая совмещена со сканером отпечатков пальцев. Планшет оборудован мощными динамиками, которые расположены по четырем углам, благодаря чему создается глубокое и объемное звучание.\r\n\r\nНесомненным достоинством iPad Pro является 9.7-дюймовый экран, построенный на базе матрицы Retina с высокой разрешающей способностью – 2048 x 1536 пикселей. Пользователя поразит превосходная цветопередача, широкие углы обзора с высоким показателем светового отражения. Кроме того, в нем в нём используются датчики освещённости, которые автоматически подстраивают цвета дисплея под окружающее освещение. Что касается производительности, то планшет не уступает современным ноутбукам. Планшет легко справится с большими нагрузками благодаря мощному 2-ядерному процессору Apple А9х с тактовой частотой 2.1 ГГц и 2 Гб оперативной памяти.', '27999', '7.jpg', '2017-02-21 07:22:33', 0, 'apple', '', 0, 'tablet', 2),
(18, 'LENOVO TAB3 Business X70L LTE Black ', 'Гарантия 12 мес. / Дисплей 10.1 " / Разрешение, пикс 1920x1200 / Операционная система Android / Версия операционной системы 6.0 / Интернет и связь 3G; 4G (LTE) / Процессор + видеочип MediaTek MT8161 + Mali-T720 MP2 / Частота процессора 1.3 ГГц / Встроенная память, Гб 32 / Оперативная память, Мб 2048 / Тыловая камера, Мп 8 / Фронтальная камера, Мп 5', 'Стильный и современный планшет от Lenovo с хорошими функциональными возможностями. Устройство работает на базе процессора Mediatek MT8161 с графикой Mali-T720 MP2 и имеет 2 Гб ОЗУ, что позволяет стабильно быстро работать в условиях высокой нагрузки. \r\n\r\nПланшет LENOVO TAB3 Business X70L LTE Black (ZA0Y0009UA) оснащен дисплеем с диагональю 10.1 дюйма и разрешением 1920 х 1200 пикселей, который отличается широкими углами обзора и яркой, детализированной картинкой. Аудиосистема Dolby Atmos позволяют получить реалистичное и объёмное звучание. \r\n\r\nДанная модель имеет 2 камеры: основная на 5 Мп и фронтальная на 2 Мп. Коммуникационные возможности представлены поддержкой технологий Wi–Fi, Bluetooth и GPS, а также возможностью работы в 3G и 4G (LTE) сетях. ', '7899', '8.jpg', '2017-02-21 00:27:27', 0, 'lenovo', '', 0, 'tablet', 2),
(19, 'LENOVO YOGA TAB 3 850F 16GBL-UA', 'Гарантия 12 мес. / Дисплей 8 " / Разрешение, пикс 1280x800 / Операционная система Android / Версия операционной системы 5.1 / Процессор + видеочип Qualcomm Snapdragon 210 MSM8909 + Adreno 304 / Частота процессора 1.3 ГГц / Встроенная память, Гб 16 / Оперативная память, Мб 2048 / Тыловая камера, Мп 8 / Фронтальная камера, Мп отсутствует', 'Современный и функциональный планшет от Lenovo, который обеспечивает новый уровень удобства благодаря необычной конструкции – батарея и подставка расположены сбоку устройства и его можно использовать в 4-х режимах (книга, консоль, клавиатура, картина). \r\n\r\nПланшет LENOVO YOGA TAB 3 850F 16GBL-UA (ZA090088UA) работает на базе процессора Qualcomm Snapdragon 210 MSM8909 и имеет 2 Гб оперативной памяти, что обеспечивает стабильно быструю работу в условиях высокой нагрузки. \r\n\r\nДанная модель оснащена IPS дисплеем с диагональю 8 дюймов и разрешением 1200 х 800 пикселей, который обеспечивает естественную цветопередачу изображения и имеет хорошие углы обзора. За качественное и объёмное звучание отвечает аудиосистема Dolby Atmos 3D и стереодинамики. \r\n', '8000', '9.jpg', '2017-02-21 08:22:22', 0, 'lenovo', '', 0, 'tablet', 2),
(20, 'ASUS F540LJ-XX470D', 'Тип Ноутбук / Серия процессора Intel Core i3 / Количество ядер 2 / Базовая частота процессора 2.0 ГГц / Диагональ дисплея 15.6 " / Разрешение дисплея 1366 х 768 (HD Ready) / Объем ОЗУ 4 Гб / Объем жесткого диска HDD 500 Гб / Модель видеокарты GeForce GT920M / Объем видеопамяти 2 Гб / Оптический привод DVD±RW (Super Multi) / Операционная система DOS', 'Дизайн и интерфейсы\r\nНоутбук ASUS F540LJ-XX470D выполнен в прочном и лёгком корпусе (1.9 кг), поэтому его всегда можно взять с собой в дорогу. Практически все основные поверхности устройства матовые. Это дает возможность эффективно бороться с любыми загрязнениями. Верхняя крышка устройства и рабочая область имеют выраженную фактуру, имитирующую шлифованный алюминий. Данная модель отличается вполне стандартным и достаточно удобным расположением портов и разъёмов, что позволяет подключить к ноутбуку ASUS всю необходимую периферию. На боковых панелях находятся: 1 x USB 2.0, 1 x USB 3.0, 1 x USB 3.1 Type-C, HDMI, VGA (D-Sub), картридер и комбинированный аудио разъем.', '17899', 'q1.jpg', '2017-02-21 11:33:34', 0, 'asus', '', 0, 'laptop', 3),
(21, ' LENOVO IdeaPad 110-15IBR ', 'Гарантия 12 мес. / Тип Ноутбук / Серия процессора Intel Celeron Dual Core / Количество ядер 2 / Базовая частота процессора 1.6 ГГц / Диагональ дисплея 15.6 " / Разрешение дисплея 1366 х 768 (HD Ready) / Объем ОЗУ 2 Гб / Объем жесткого диска HDD 500 Гб / Модель видеокарты Intel HD Graphics 400 / Оптический привод отсутствует / Операционная система Windows 10', 'Ноутбук LENOVO IdeaPad 110-15IBR (80T70039RA) выполнен в классическом корпусе из пластика. Матовое покрытие крышки и рабочей поверхности препятствует появлению отпечатков и потертостей. Полноразмерная клавиатура облегчает набор текста. Ноутбук получил выполнение в черном цвете.\r\nАппаратные компоненты\r\nНоутбук от LENOVO оснащен процессором Intel Celeron Dual Core N3060. Двухъядерный чип поддерживает работу на тактовой частоте 1.6 ГГц. Оперативная память DDR3L-1600 объемом 2 Гб предоставляет возможности для запуска приложений средней ресурсоемкости в небольшом количестве. Для хранения информации используется жесткий диск на 500 Гб. Интегрированная видеокарта Intel HD Graphics 400 занимается обработкой видеопотока.', '7599', 'q2.jpg', '2017-02-21 11:20:29', 0, 'lenovo', '', 0, 'laptop', 3),
(22, 'LENOVO B5010 ', 'Гарантия 12 мес. / Тип Ноутбук / Серия процессора Intel Pentium Quad Core / Количество ядер 4 / Базовая частота процессора 2.16 ГГц / Диагональ дисплея 15.6 " / Разрешение дисплея 1366 х 768 (HD Ready) / Объем ОЗУ 2 Гб / Объем жесткого диска HDD 500 Гб / Модель видеокарты Intel HD Graphics / Оптический привод отсутствует / Операционная система Windows 10', 'Компактный и практичный ноутбук выполнен в классическом формате и не занимает много места. LENOVO B5010 очень удобен при транспортировке или при домашнем использовании.\r\n\r\nДиагональ экрана составляет 15.6 дюймов, а разрешение - 1366 х 768 пикселей. В качестве процессора, данная модель оснащена четырехъядерным Intel Pentium N3540 с тактовой частотой 2.16 ГГц. Работу ноутбука качественно дополняют 2 Гб оперативной памяти и интегрированная видеокарта Intel HD Graphics. Установка программ и хранение файлов осуществляется на жестком диске, объем которого составляет 500 Гб.\r\n\r\nДля удобства при коммуникации с внешними устройствами, LENOVO B5010 оснащен беспроводными модулями Wi-Fi и Bluetooth.', '8999', 'q3.jpg', '2017-02-21 09:22:28', 1, 'lenovo', '', 0, 'laptop', 3),
(23, 'HP 15-ay027ur', 'Гарантия 12 мес. / Тип Ноутбук / Серия процессора Intel Core i3 / Количество ядер 2 / Базовая частота процессора 2.0 ГГц / Диагональ дисплея 15.6 " / Разрешение дисплея 1366 х 768 (HD Ready) / Объем ОЗУ 4 Гб / Объем жесткого диска HDD 500 Гб / Модель видеокарты Radeon R5 M430 / Объем видеопамяти 2 Гб / Оптический привод отсутствует / Операционная система Windows 10', 'Производительность и память\r\nЗа быстродействие работы системы в ноутбуке от компании HP отвечает процессор Intel Core i3 5005U и оперативное запоминающее устройство с объемом памяти 4 ГБ. Базовая тактовая частота ЦПУ составляет 2 ГГц. Для хранения собственного медиаконтента в данной модели предусмотрен жесткий диск объемом 500 ГБ. В устройстве установлена операционная система Windows 10, которая предлагает пользователю множество программ, дополнений и встроенных средств защиты.', '9999', 'q4.jpg', '2017-02-21 10:38:14', 0, 'hp', '', 0, 'laptop', 3),
(24, 'ACER F5-573G-516E ', 'Тип Ноутбук / Серия процессора Intel Core i5 / Количество ядер 2 / Базовая частота процессора 2.5 ГГц / Диагональ дисплея 15.6 " / Разрешение дисплея 1920 x 1080 (Full HD) / Объем ОЗУ 8 Гб / Объем жесткого диска HDD 1000 Гб / Модель видеокарты GeForce GT940MX / Объем видеопамяти 2 Гб / Оптический привод отсутствует / Операционная система Linux', '15.6 FHD/Intel i5-7200U/2.5-3.1 GHz/8G/1T/Nvidia GeForce 940MX 2GB DDR5/NO ODD/802.11ac+BT/HD/HDMI//Linux/12 mon/Obsidian Black Anodize', '11899', 'q5.jpg', '2017-02-21 07:27:23', 1, 'acer', '', 0, 'laptop', 3),
(25, 'Apple MacBook Pro 13" with Retina display', 'Гарантия 12 мес. / Тип Ноутбук / Количество ядер 2 / Базовая частота процессора 2.7 ГГц / Диагональ дисплея 13.3 " / Разрешение дисплея 2560 x 1600 (WQXGA) / Объем ОЗУ 8 Гб / Объем SSD диска 128 Гб / Модель видеокарты Intel Iris Graphics 6100 / Операционная система Mac OS', 'Тонкий и легкий ноутбук Apple MacBook Pro 13" with Retina display 2015 облачен в алюминиевый корпус весом 1.58 кг и габаритами 314x219x18 мм. Девайс оснащен самым современным и качественным IPS-дисплеем диагональю 13.3" с очень высоким разрешением 2560x1600 пикселей. Технология Retina делает изображение живым и ярким, с насыщенными цветами и великолепной детализацией. \r\n', '40199', 'q6.jpg', '2017-02-21 07:22:33', 0, 'apple', '', 0, 'laptop', 3),
(26, 'LENOVO B51-30', 'Гарантия 12 мес. / Тип Ноутбук / Серия процессора Intel Pentium Quad Core / Количество ядер 4 / Базовая частота процессора 1.6 ГГц / Диагональ дисплея 15.6 " / Разрешение дисплея 1366 х 768 (HD Ready) / Объем ОЗУ 4 Гб / Объем жесткого диска HDD 500 Гб / Модель видеокарты GeForce GT920M / Объем видеопамяти 2 Гб / Оптический привод отсутствует / Операционная система Windows 10', 'Процессор и память\r\nLENOVO B51-30 (80LK01FHUA) оснащен 4-ядерным процессором Intel Core- N3710 с базовой частотой 1.6 ГГц. За быструю обработку графических данных и мультимедийных приложений отвечает дискретная видеокарта NVIDIA GeForce GT920M. Оперативная память емкостью 4 Гб обеспечит плавную работу системы в режиме многозадачности. Сохранять личную информацию можно на HDD-накопителе объемом 500 Гб.\r\nДисплей\r\nНоутбук LENOVO получил широкоформатный 15.6-дюймовый дисплей с разрешением 1366 х 768 пикселей. Матрица TN обеспечивает вывод на экран четкой и яркой картинки. Также дисплей устройства имеет антибликовое покрытие.', '9999', 'q7.jpg', '2017-02-21 08:00:21', 0, 'lenovo', '', 0, 'laptop', 3),
(27, 'LENOVO 110-15', 'Тип Ноутбук / Серия процессора Intel Pentium Quad Core / Количество ядер 4 / Базовая частота процессора 1.6 ГГц / Диагональ дисплея 15.6 " / Разрешение дисплея 1366 х 768 (HD Ready) / Объем ОЗУ 4 Гб / Объем жесткого диска HDD 500 Гб / Модель видеокарты Intel HD Graphics 405 / Оптический привод отсутствует / Операционная система DOS', 'Все необходимые характеристики в одном ноутбуке Lenovo 110-15 начального уровня: стабильная производительность, большой объем оперативной памяти и накопителя, высококлассный дисплей и поддержка разных графических функций. \r\n\r\nНоутбук 110-15 оснащен встроенным модулем Wi-Fi 802.11ac, что обеспечит молниеносную скорость для веб-серфинга, воспроизведения потокового видео и загрузки файлов. Скорость передачи данных стандарта Wi-Fi 802.11ac почти в три раза выше, чем 802.11b/g/n. \r\n\r\nLenovo Photo Master 2.0 объединяет в себе современную систему хранения фотографий, мощную и удобную систему навигации, а также инструменты для редактирования изображений. Благодаря функциям Auto Face Replace и Smart Event Sort ты сможешь привести свой фотоархив в идеальный порядок. ', '10999', 'q8.jpg', '2017-02-21 08:23:27', 0, 'lenovo', '', 0, 'laptop', 3),
(28, 'HP 250', 'Гарантия 12 мес. / Тип Ноутбук / Серия процессора Intel Core i5 / Количество ядер 2 / Базовая частота процессора 2.2 ГГц / Диагональ дисплея 15.6 " / Разрешение дисплея 1366 х 768 (HD Ready) / Объем ОЗУ 4 Гб / Объем жесткого диска HDD 500 Гб / Модель видеокарты Radeon R5 M330 / Объем видеопамяти 2 Гб / Операционная система Windows 8', 'Ноутбук HP выполнен в стильном корпусе со стилизованной верхней крышкой. Вес устройства составляет 2.1 кг, при толщине 2.4 см он становится практически незаметным. Информация выводится на экран с диагональю 15.6" и разрешением 1366 х 768. Качественная матрица передает яркую и реалистичную картинку с высокой детализацией. Широкие углы обзора позволят видеть неизменное изображение вне зависимости от местоположения зрителя. ', '15121', 'q9.jpg', '2017-02-21 10:17:22', 0, 'hp', '', 0, 'laptop', 3),
(29, 'ASUS VivoBook Max', 'Гарантия 12 мес. / Тип Ноутбук / Серия процессора Intel Core i3 / Количество ядер 2 / Базовая частота процессора 2.3 ГГц / Диагональ дисплея 15.6 " / Разрешение дисплея 1366 х 768 (HD Ready) / Объем ОЗУ 4 Гб / Объем жесткого диска HDD 500 Гб / Модель видеокарты GeForce GT920MX / Объем видеопамяти 2 Гб / Оптический привод DVD±RW (Super Multi) / Операционная система DOS', '15.6 HD None Glare/Intel Core i3-6100U/2.3GHz/4G/500G/NVIDIA GeForce 920MX 2G/no ODD/BT4.0/VGA/1 x USB 2.0+1 x USB 3.0+1 x USB 3.1/DOS/12 mon/Silver Gradient', '14599', 'q10.jpg', '2017-02-21 15:20:32', 0, 'asus', '', 0, 'laptop', 3),
(30, 'SONY PS4 Slim 500GB D Chassis Black/RUS ', 'Тонкий корпус\r\nИгровая приставка SONY PS4 Slim 500GB D Chassis Black/RUS (1002401550) получила тонкий корпус выполненный в черном цвете. Он может располагаться как в вертикальном так и в горизонтальном положении. Минималистичный дизайн и матовая поверхность корпуса делают внешний вид приставки уникальным и привлекательным. Коммуникационная панель расположена на тыловой стороне, а Bluetooth модуль обеспечивает беспроводную связь с периферийными устройствами.', 'Устройство для игр\r\nИгры доступны для скачивания в SONY PlayStation Store, а пробная подписка поможет ознакомиться с интерфейсом платформы. Также она позволяет общаться с друзьями, находить игроков для совместных игр, обмениваться фотографиями и игровыми достижениями. Быстродействие игровой консоли от SONY обеспечивает 8-ядерный процессор, а объем жесткого диска составляет 500 Гб.', '9999', 'w1.jpg', '2017-02-21 17:22:24', 0, 'sony', '', 0, 'konsole', 4),
(31, 'MICROSOFT XBOX 360 500gb + Forza Horizon 2', 'Lorem ipsum dolor sit amet, consectetur adipiscing elit, sed do eiusmod tempor incididunt ut labore et dolore magna aliqua. Ut enim ad minim veniam, quis nostrud exercitation ullamco laboris nisi ut aliquip ex ea commodo consequat. Duis aute irure dolor in reprehenderit in voluptate velit esse cillum dolore eu fugiat nulla pariatur. Excepteur sint occaecat cupidatat non proident, sunt in culpa qui officia deserunt mollit anim id est laborum.\r\n', 'Lorem ipsum dolor sit amet, consectetur adipiscing elit, sed do eiusmod tempor incididunt ut labore et dolore magna aliqua. Ut enim ad minim veniam, quis nostrud exercitation ullamco laboris nisi ut aliquip ex ea commodo consequat. Duis aute irure dolor in reprehenderit in voluptate velit esse cillum dolore eu fugiat nulla pariatur. Excepteur sint occaecat cupidatat non proident, sunt in culpa qui officia deserunt mollit anim id est laborum.\r\n', '9997', 'w2.jpg', '2017-02-21 07:17:17', 0, 'microsoft', '', 0, 'konsole', 4),
(32, 'SONY PS4 1TB', 'Встречайте непревзойденную мощь новой игровой консоли Sony PlayStation 4 1 TB! Новинка от Sony, появления которой ждали миллионы геймеров во всем мире, теперь способна изучать ваши предпочтения, запоминать то, что вам нравится, и давать возможность играть не только самому или в компании, но и наблюдать онлайн за игрой друзей, находящихся вдалеке. \r\n', 'Новейший беспроводной контроллер «DUALSHOCK 4» получил новую, более эргономичную форму, сенсорную панель, дополнительную кнопку «SHARE», с помощью которой вы сможете мгновенно делиться в сети видеороликами прохождения игр или фотографиями-скриншотами игровых новинок, а также вести онлайн-трансляцию в режиме реального времени. Кроме того, в нем есть собственный динамик и разъем для гарнитуры. \r\n', '14599', 'w3.jpg', '2017-02-21 11:23:37', 1, 'sony', '', 0, 'konsole', 4),
(33, 'NVIDIA Shield Android TV', '\r\nLorem ipsum dolor sit amet, consectetur adipiscing elit, sed do eiusmod tempor incididunt ut labore et dolore magna aliqua. Ut enim ad minim veniam, quis \r\n', '\r\nLorem ipsum dolor sit amet, consectetur adipiscing elit, sed do eiusmod tempor incididunt ut labore et dolore magna aliqua. Ut enim ad minim veniam, quis nostrud exercitation ullamco laboris nisi ut aliquip ex ea commodo consequat. Duis aute irure dolor in reprehenderit in voluptate velit esse cillum dolore eu fugiat nulla pariatur. Excepteur sint occaecat cupidatat non proident, sunt in culpa qui officia deserunt mollit anim id est laborum.\r\n', '15999', 'w4.jpg', '2017-02-21 08:20:21', 0, 'nvidia', '', 0, 'konsole', 4),
(34, 'Microsoft Xbox One S 500GB', 'xercitation ullamco laboris nisi ut aliquip ex ea commodo consequat. Duis aute irure dolor in reprehenderit in voluptate velit esse cillum dolore eu fugiat nulla pariatur. Excepteur sint occaecat cupidatat non proident, sunt in culpa qui officia deserunt mollit anim id est laborum.\r\n', 'rem ipsum dolor sit amet, consectetur adipiscing elit, sed do eiusmod tempor incididunt ut labore et dolore magna aliqua. Ut enim ad minim veniam, quis nostrud exercitation ullamco laboris nisi ut aliquip ex ea commodo consequat. Duis aute irure dolor in reprehenderit in voluptate velit esse cillum dolore eu fugiat nulla pariatur. Excepteur sint occaecat cupidatat non proident, sunt in culpa qui officia deserunt mollit anim id est laborum.\r\n', '25123', 'w5.jpg', '2017-02-21 07:17:19', 1, 'Microsoft', '', 0, 'konsole', 4),
(35, 'Microsoft Xbox One (7UV-00077)', 'Lorem ipsum dolor sit amet, consectetur adipiscing elit, sed do eiusmod tempor incididunt ut labore et dolore magna aliqua. Ut enim ad minim veniam, quis nostrud exercitation ullamco laboris nisi ', 'Lorem ipsum dolor sit amet, consectetur adipiscing elit, sed do eiusmod tempor incididunt ut labore et dolore magna aliqua. Ut enim ad minim veniam, quis nostrud exercitation ullamco laboris nisi ut aliquip ex ea commodo consequat. Duis aute irure dolor in reprehenderit in voluptate velit esse cillum dolore eu fugiat nulla pariatur. Excepteur sint occaecat cupidatat non proident, sunt in culpa qui officia deserunt mollit anim id est laborum.\r\n', '7845', 'w6.jpg', '2017-02-21 07:20:21', 0, 'Microsoft', '', 0, 'konsole', 4),
(36, 'Nintendo 3DS XL', 'Lorem ipsum dolor sit amet, consectetur adipiscing elit, sed do eiusmod tempor incididunt ut labore et dolore magna aliqua. Ut enim ad minim veniam, quis n', 'Lorem ipsum dolor sit amet, consectetur adipiscing elit, sed do eiusmod tempor incididunt ut labore et dolore magna aliqua. Ut enim ad minim veniam, quis nostrud exercitation ullamco laboris nisi ut aliquip ex ea commodo consequat. Duis aute irure dolor in reprehenderit in voluptate velit esse cillum dolore eu fugiat nulla pariatur. Excepteur sint occaecat cupidatat non proident, sunt in culpa qui officia deserunt mollit anim id est laborum.\r\n', '4587', 'w7.jpg', '2017-02-21 08:21:18', 0, 'nintendo', '', 0, 'konsole', 4),
(37, 'Microsoft Xbox One S 500GB + FIFA 17', 'Lorem ipsum dolor sit amet, consectetur adipiscing elit, sed do eiusmod tempor incididunt ut labore et dolore magna ', 'Lorem ipsum dolor sit amet, consectetur adipiscing elit, sed do eiusmod tempor incididunt ut labore et dolore magna aliqua. Ut enim ad minim veniam, quis nostrud exercitation ullamco laboris nisi ut aliquip ex ea commodo consequat. Duis aute irure dolor in reprehenderit in voluptate velit esse cillum dolore eu fugiat nulla pariatur. Excepteur sint occaecat cupidatat non proident, sunt in culpa qui officia deserunt mollit anim id est laborum.\r\n', '9874', 'w8.jpg', '2017-02-21 07:21:23', 0, 'Microsoft', '', 0, 'konsole', 4),
(38, 'Sony PlayStation Vita (Wi-Fi)', 'Lorem ipsum dolor sit amet, consectetur adipiscing elit, sed do eiusmod tempor \r\n', 'Lorem ipsum dolor sit amet, consectetur adipiscing elit, sed do eiusmod tempor incididunt ut labore et dolore magna aliqua. Ut enim ad minim veniam, quis nostrud exercitation ullamco laboris nisi ut aliquip ex ea commodo consequat. Duis aute irure dolor in reprehenderit in voluptate velit esse cillum dolore eu fugiat nulla pariatur. Excepteur sint occaecat cupidatat non proident, sunt in culpa qui officia deserunt mollit anim id est laborum.\r\n', '8745', 'w9.jpg', '2017-02-21 14:28:24', 0, 'sony', '', 0, 'konsole', 4),
(39, 'Sony PlayStation 3 Super Slim 12 GB', 'Lorem ipsum dolor sit amet, consectetur adipiscing elit, sed do eiusmod tempor incididunt ut labore et dolore magna \r\n', 'Lorem ipsum dolor sit amet, consectetur adipiscing elit, sed do eiusmod tempor incididunt ut labore et dolore magna aliqua. Ut enim ad minim veniam, quis nostrud exercitation ullamco laboris nisi ut aliquip ex ea commodo consequat. Duis aute irure dolor in reprehenderit in voluptate velit esse cillum dolore eu fugiat nulla pariatur. Excepteur sint occaecat cupidatat non proident, sunt in culpa qui officia deserunt mollit anim id est laborum.\r\n', '9856', 'w10.jpg', '2017-02-21 10:28:34', 0, 'sony', '', 0, 'konsole', 4),
(40, 'Samsung UE43KU6000', 'Lorem ipsum dolor sit amet, consectetur adipiscing elit, sed do eiusmod tempor incididunt ut labore et dolore magna ', 'Lorem ipsum dolor sit amet, consectetur adipiscing elit, sed do eiusmod tempor incididunt ut labore et dolore magna aliqua. Ut enim ad minim veniam, quis nostrud exercitation ullamco laboris nisi ut aliquip ex ea commodo consequat. Duis aute irure dolor in reprehenderit in voluptate velit esse cillum dolore eu fugiat nulla pariatur. Excepteur sint occaecat cupidatat non proident, sunt in culpa qui officia deserunt mollit anim id est laborum.\r\n', '157894', 'qw.jpg', '2017-02-21 07:18:18', 0, 'samsung', '', 0, 'tv', 5),
(41, 'Samsung UE43KU6000asd', 'Lorem ipsum dolor sit amet, consectetur adipiscing elit, sed do eiusmod tempor incididunt ut labore et dolore magna aliqua. ', 'Lorem ipsum dolor sit amet, consectetur adipiscing elit, sed do eiusmod tempor incididunt ut labore et dolore magna aliqua. Ut enim ad minim veniam, quis nostrud exercitation ullamco laboris nisi ut aliquip ex ea commodo consequat. Duis aute irure dolor in reprehenderit in voluptate velit esse cillum dolore eu fugiat nulla pariatur. Excepteur sint occaecat cupidatat non proident, sunt in culpa qui officia deserunt mollit anim id est laborum.\r\n', '12457', 'qw1.jpg', '2017-02-21 07:19:24', 1, 'samsung', '', 0, 'tv', 5),
(42, 'Samsung UE43KU6000zxc', 'Lorem ipsum dolor sit amet, consectetur adipiscing elit, sed do eiusmod tempor incididunt ut labore et dolore magna aliquur sint occaecat cupidatat non proident, sunt in culpa qui officia deserunt mollit anim id est laborum.\r\n', 'Lorem ipsum dolor sit amet, consectetur adipiscing elit, sed do eiusmod tempor incididunt ut labore et dolore magna aliqua. Ut enim ad minim veniam, quis nostrud exercitation ullamco laboris nisi ut aliquip ex ea commodo consequat. Duis aute irure dolor in reprehenderit in voluptate velit esse cillum dolore eu fugiat nulla pariatur. Excepteur sint occaecat cupidatat non proident, sunt in culpa qui officia deserunt mollit anim id est laborum.\r\n', '45784', 'qw2.jpg', '2017-02-21 10:28:28', 1, 'samsung', '', 0, 'tv', 5),
(43, 'Samsung UE43KU6000aszx', 'Lorem ipsum dolor sit amet, consectetur adipiscing elit, sed do eiusmod tempor incididunt ut labore et dolore magna aliqua. Ut fugiat nulla pariatur. Excepteur sint occaecat cupidatat non proident, sunt in culpa qui officia deserunt mollit anim id est laborum.\r\n', 'Lorem ipsum dolor sit amet, consectetur adipiscing elit, sed do eiusmod tempor incididunt ut labore et dolore magna aliqua. Ut enim ad minim veniam, quis nostrud exercitation ullamco laboris nisi ut aliquip ex ea commodo consequat. Duis aute irure dolor in reprehenderit in voluptate velit esse cillum dolore eu fugiat nulla pariatur. Excepteur sint occaecat cupidatat non proident, sunt in culpa qui officia deserunt mollit anim id est laborum.\r\n', '12458', 'qw3.jpg', '2017-02-21 00:20:00', 0, 'samsung', '', 0, 'tv', 5),
(44, 'Samsung UE43KU6000qwe', 'Lorem ipsum dolor sit amet, consectetur adipiscing elit, sed do eiusmod tempor incididunt ut labore et dolore magna e velit esse cillum dolore eu fugiat nulla pariatur. Excepteur sint occaecat cupidatat non proident, sunt in culpa qui officia deserunt mollit anim id est laborum.\r\n', 'Lorem ipsum dolor sit amet, consectetur adipiscing elit, sed do eiusmod tempor incididunt ut labore et dolore magna aliqua. Ut enim ad minim veniam, quis nostrud exercitation ullamco laboris nisi ut aliquip ex ea commodo consequat. Duis aute irure dolor in reprehenderit in voluptate velit esse cillum dolore eu fugiat nulla pariatur. Excepteur sint occaecat cupidatat non proident, sunt in culpa qui officia deserunt mollit anim id est laborum.\r\n', '13457', 'qw4.jpg', '2017-02-21 13:27:33', 0, 'samsung', '', 0, 'tv', 5),
(45, 'Samsung UE43KU6000qwas', 'Lorem ipsum dolor sit amet, consectetur  occaecat cupidatat non proident, sunt in culpa qui officia deserunt mollit anim id est laborum.\r\n', 'Lorem ipsum dolor sit amet, consectetur adipiscing elit, sed do eiusmod tempor incididunt ut labore et dolore magna aliqua. Ut enim ad minim veniam, quis nostrud exercitation ullamco laboris nisi ut aliquip ex ea commodo consequat. Duis aute irure dolor in reprehenderit in voluptate velit esse cillum dolore eu fugiat nulla pariatur. Excepteur sint occaecat cupidatat non proident, sunt in culpa qui officia deserunt mollit anim id est laborum.\r\n', '13542', 'qw5.jpg', '2017-02-21 09:24:24', 0, 'samsung', '', 0, 'tv', 5),
(46, 'Samsung UE43KU6000qwaser', 'Lorem ipsum dolor sit amet, consectetur adipiscing elit, sed do eiusmod tempor incididunt ut labore et dolore magna aliqua. Ut enim ad minim veniam, quis \r\n', 'Lorem ipsum dolor sit amet, consectetur adipiscing elit, sed do eiusmod tempor incididunt ut labore et dolore magna aliqua. Ut enim ad minim veniam, quis nostrud exercitation ullamco laboris nisi ut aliquip ex ea commodo consequat. Duis aute irure dolor in reprehenderit in voluptate velit esse cillum dolore eu fugiat nulla pariatur. Excepteur sint occaecat cupidatat non proident, sunt in culpa qui officia deserunt mollit anim id est laborum.\r\n', '14521', 'qw6.jpg', '2017-02-21 11:27:27', 0, 'samsung', '', 0, 'tv', 5),
(47, 'Samsung UE4qweqw', 'Lorem ipsum dolor sit amet, consectetur adipiscing elit, sed do eiusmod tempor incididunt ut labore et dolore magna aliqua. Ut enim ad minim veniam, quis nostrud exercitation ullamco laboris nisi ut aliquip ex ea commodo consequa', 'Lorem ipsum dolor sit amet, consectetur adipiscing elit, sed do eiusmod tempor incididunt ut labore et dolore magna aliqua. Ut enim ad minim veniam, quis nostrud exercitation ullamco laboris nisi ut aliquip ex ea commodo consequat. Duis aute irure dolor in reprehenderit in voluptate velit esse cillum dolore eu fugiat nulla pariatur. Excepteur sint occaecat cupidatat non proident, sunt in culpa qui officia deserunt mollit anim id est laborum.\r\n', '12548', 'qw7.jpg', '2017-02-21 15:29:29', 0, 'samsung', '', 0, 'tv', 5),
(48, 'Samsung UE4334324', 'ut aliquip ex ea commodo consequat. Duis aute irure dolor in reprehenderit in voluptate velit esse cillum dolore eu fugiat nulla pariatur. Excepteur sint occaecat cupidatat non proident, sunt in culpa qui officia deserunt mollit anim id est laborum.\r\n', 'Lorem ipsum dolor sit amet, consectetur adipiscing elit, sed do eiusmod tempor incididunt ut labore et dolore magna aliqua. Ut enim ad minim veniam, quis nostrud exercitation ullamco laboris nisi ut aliquip ex ea commodo consequat. Duis aute irure dolor in reprehenderit in voluptate velit esse cillum dolore eu fugiat nulla pariatur. Excepteur sint occaecat cupidatat non proident, sunt in culpa qui officia deserunt mollit anim id est laborum.\r\n', '15421', 'qw8.jpg', '2017-02-21 07:00:33', 0, 'samsung', '', 0, 'tv', 5),
(49, 'Samsung UE4435fted', 'Lorem ipsum dolor sit amet, consectetur a\r\n', 'Lorem ipsum dolor sit amet, consectetur adipiscing elit, sed do eiusmod tempor incididunt ut labore et dolore magna aliqua. Ut enim ad minim veniam, quis nostrud exercitation ullamco laboris nisi ut aliquip ex ea commodo consequat. Duis aute irure dolor in reprehenderit in voluptate velit esse cillum dolore eu fugiat nulla pariatur. Excepteur sint occaecat cupidatat non proident, sunt in culpa qui officia deserunt mollit anim id est laborum.\r\n', '15246', 'qw9.jpg', '2017-02-21 09:24:36', 0, 'samsung', '', 0, 'tv', 5),
(50, 'HTC DESIRE 820U DUAL GREY BLUE', 'Диагональ экрана 5.5" (1280x720, сенсорный)/сенсорный моноблок/8-ядерныйMediatek MT6752/ОЗУ 2 Гб/Встроенная память 16 ГБ/камера 13.8 Мп/Bluetooth/Wi-Fi 802.11 b/g/n/разъем 3.5 мм/GPS/ОС Android 4.4.4/157 x 78.7 x 7.7 мм/серый', 'Lorem ipsum dolor sit amet, consectetur adipiscing elit, sed do eiusmod tempor incididunt ut labore et dolore magna aliqua. Ut enim ad minim veniam, quis nostrud exercitation ullamco laboris nisi ut aliquip ex ea commodo consequat. Duis aute irure dolor in reprehenderit in voluptate velit esse cillum dolore eu fugiat nulla pariatur. Excepteur sint occaecat cupidatat non proident, sunt in culpa qui officia deserunt mollit anim id est laborum.\r\n', '5420', 'htc-desire-820u-dual-grey-blue.jpg', '2017-02-27 09:26:28', 1, 'HTC', '', 0, 'mobile', 1);
INSERT INTO `product` (`id`, `title`, `features`, `description`, `price`, `img`, `date`, `stock`, `brand`, `keywords`, `visible`, `product_type`, `category_id`) VALUES
(51, 'MEIZU M3 NOTE 2/16GB DUAL WHITE', 'Экран 5.5"IGZO(1920x1080)403ppi, сенсорный, емкостный/моноблок/8-ядерный MediaTek MTK6755 + GPU Mali-T860MP21.8Ггц/датчик отпечатка пальца/камера 13 Мп, фронтальная 5 Мп,угол основной камеры 300°/Bluetooth 4.0/Wi-Fi 802.11 a/b/g/n/RAM 2 ГБ/16 ГБ встроенной памяти/разъем 3.5 мм/LTE, TD-LTE/GPS/ОСAndroid 5.1 (LolliPop) + Flyme OS 4.5/аккумуляторLi-Ion, 4100 мАч/153,6 x75,5 x 8,2мм/163г/белый', 'Флагман Meizu M3 NoteМощный процессор и звук.Потрясающая камера13 (f/2.2)Экран 5.5"IGZO(1920x1080)403ppi, сенсорный, емкостный/моноблок/восьми-ядерныйMediaTek MTK6755 + GPU Mali-T860MP21.8Ггц/датчик отпечатка пальца/камера 13 Мп, фронтальная 5 Мп,угол основной камеры 300°/Bluetooth 4.0/Wi-Fi 802.11 a/b/g/n/RAM 2 ГБ/16 ГБ встроенной памяти/разъем 3.5 мм/LTE, TD-LTE/GPS/ОСAndroid 5.1 (LolliPop) + Flyme OS 4.5/153,6 x75,5 x 8,2мм, 163 г/аккумуляторLi-Ion, 4100 мАч/белый', '3442', 'meizu-m3-note-16gb-white.jpg', '2017-02-27 05:26:19', 0, 'Meizu', '', 0, 'mobile', 1),
(52, 'SONY XPERIA XZ DUAL MINERAL BLACK', 'Диагональ экрана 5.2" (1920x1080)IPS Triluminos Display сенсорный, Multitouch/моноблок/8-ядерный Qualcomm Snapdragon 820 (2.2 ГГц)/ОЗУ 3 ГБ/камера 23 Мп + фронтальная 13 Мп/Bluetooth 4.2/Wi-Fi 802.11 a/b/g/n/64 ГБ встроенной памяти + поддержка microSD до 256Гб/пылевлагозащищённый/разъем 3.5 мм/3G/4G/NFC/A-GPS/Android 6.0/143.6 x 66.8 x 7.9 мм, 134.7 г/черный', 'Xperia XZ это определение идеального смартфона. Смартфон был оснащен самыми инновационными технологиями — камера, позволяющая  делать фантастические изображения, смарт-аккумулятор и дополнительные функции, которые подстраиваются под пользователя. И все это в соединении с потрясающей, улучшенной конструкцией.', '15487', 'Sony-Xperia-XZ-Dual-Mineral-Black-F8333-14917.jpg', '2017-02-27 07:28:33', 0, 'SONY', '', 0, 'mobile', 1),
(53, 'PRESTIGIO 3527 WIZE NK3 BLACK', 'смартфон, Android 6.0; поддержка двух SIM-карт; экран 5", разрешение 854x480; камера 5 МП; память 4 Гб, слот для карты памяти; 3G, Wi-Fi, Bluetooth, GPS; объем оперативной памяти 512 Мб; аккумулятор 2000 мА⋅ч', 'Тип устройства: смартфон\r\nФорм-фактор телефона: Сенсорный моноблок\r\nМатериал корпуса: Пластик\r\nЦвет: Черный\r\nДисплей: сенсорный емкостный, IPS, Multi-Touch, 5\r\nРазрешение экрана: 854x480\r\nСигналы вызова: Полифонические мелодии, Вибровызов, MP3 в качестве звонка\r\nКоличество SIM-карт: 2\r\nСтандарт: GSM, 2G, 3G\r\nБеспроводные технологии: Wi-Fi, GPS, Bluetooth\r\nИнтернет: HSUPA, GPRS, EDGE, 2G, HSDPA\r\nРабота с сообщениями: SMS, MMS, E-mail\r\nНавигация: GPS\r\nОбъем встроенной памяти: 4 Гб\r\nОперативная память: 512 МБ\r\nПоддержка карт памяти: microSD до 32 ГБ\r\nПроцессор: Spreadtrum SC7731G\r\nКоличество ядер: 4\r\nЧастота процессора: 1.2 ГГц\r\nОперационная система: Android\r\nСвойства камеры: Вспышка, Автофокус\r\nОрганайзер: Часы, Таймер, Калькулятор, Мировое время, Секундомер, Календарь, Заметки, Будильник\r\nРазвлечения: Музыкальный плеер, Игры, Мобильные сервисы Google, Социальные сети, Видеоплеер\r\nОсновная камера: 5 Мп\r\nФронтальная камера: 0.3 Мп\r\nТип аккумулятора: Литий-ионный\r\nЕмкость аккумулятора: 2000 мА*ч', '1788', 'prestigio-3527-wize-nk3-black-goskom-20861.jpg', '2017-02-27 08:22:12', 0, 'Prestigio', '', 0, 'mobile', 1),
(54, 'FLY FS407 STRATUS 6 WHITE', 'смартфон, Android 6.0; поддержка двух SIM-карт; экран 4", разрешение 854x480; камера 2 МП; память 4 Гб, слот для карты памяти; 3G, Wi-Fi, Bluetooth; объем оперативной памяти 512 Мб; аккумулятор 1300 мА⋅ч; вес 120 г, ШxВxТ 61.50x123x10.50 мм', 'Тип устройства: смартфон\r\nФорм-фактор телефона: Сенсорный моноблок\r\nМатериал корпуса: Пластик\r\nЦвет: Белый\r\nДисплей: TN, сенсорный емкостный, 4\r\nРазрешение экрана: 854x480\r\nСигналы вызова: Полифонические мелодии, Вибровызов, MP3 в качестве звонка\r\nКоличество SIM-карт: 2\r\nСтандарт: GSM, 2G, 3G\r\nБеспроводные технологии: Wi-Fi, 3G, GPS, Bluetooth\r\nИнтернет: GPRS, EDGE, 3G, 2G\r\nРабота с сообщениями: SMS, MMS, E-mail\r\nНавигация: GPS\r\nОбъем встроенной памяти: 4 Гб\r\nОперативная память: 512 МБ\r\nПоддержка карт памяти: есть\r\nПроцессор: Spreadtrum SC7731\r\nКоличество ядер: 4\r\nЧастота процессора: 1.2 ГГц\r\nОперационная система: Android\r\nСвойства камеры: Вспышка, Автофокус\r\nОрганайзер: Часы, Калькулятор, Календарь, Будильник\r\nРазвлечения: Игры, Социальные сети, Медиаплеер, Датчик освещенности, Видеоплеер\r\nОсновная камера: 2 Мп', '2548', 'fly-fs407-stratus-6-white-goskom-20844.jpg', '2017-02-27 08:41:18', 1, 'FLY', '', 0, 'mobile', 1);

-- --------------------------------------------------------

--
-- Структура таблицы `product_order`
--

CREATE TABLE `product_order` (
  `id` int(11) NOT NULL,
  `user_name` varchar(255) NOT NULL,
  `user_phone` varchar(255) NOT NULL,
  `user_comment` text NOT NULL,
  `user_id` int(11) DEFAULT NULL,
  `date` timestamp NOT NULL DEFAULT CURRENT_TIMESTAMP,
  `product` text NOT NULL,
  `status` int(11) NOT NULL DEFAULT '1'
) ENGINE=InnoDB DEFAULT CHARSET=utf8;

-- --------------------------------------------------------

--
-- Структура таблицы `user`
--

CREATE TABLE `user` (
  `id` int(11) NOT NULL,
  `name` varchar(40) NOT NULL,
  `email` varchar(40) NOT NULL,
  `password` varchar(255) NOT NULL
) ENGINE=InnoDB DEFAULT CHARSET=utf8;

--
-- Дамп данных таблицы `user`
--

INSERT INTO `user` (`id`, `name`, `email`, `password`) VALUES
(1, 'Дмитрий', 'test@mail.ru', '123123'),
(2, 'John', 'john@john.ex', 'john123'),
(3, 'John', 'johnSnow@john.ex', '123123123'),
(4, 'John', 'johnSnow@johns.ex', '123123123');

--
-- Индексы сохранённых таблиц
--

--
-- Индексы таблицы `category`
--
ALTER TABLE `category`
  ADD PRIMARY KEY (`id`);

--
-- Индексы таблицы `comment`
--
ALTER TABLE `comment`
  ADD PRIMARY KEY (`id`);

--
-- Индексы таблицы `product`
--
ALTER TABLE `product`
  ADD PRIMARY KEY (`id`);

--
-- Индексы таблицы `product_order`
--
ALTER TABLE `product_order`
  ADD PRIMARY KEY (`id`);

--
-- Индексы таблицы `user`
--
ALTER TABLE `user`
  ADD PRIMARY KEY (`id`);

--
-- AUTO_INCREMENT для сохранённых таблиц
--

--
-- AUTO_INCREMENT для таблицы `category`
--
ALTER TABLE `category`
  MODIFY `id` int(11) NOT NULL AUTO_INCREMENT, AUTO_INCREMENT=6;
--
-- AUTO_INCREMENT для таблицы `product`
--
ALTER TABLE `product`
  MODIFY `id` int(11) NOT NULL AUTO_INCREMENT, AUTO_INCREMENT=55;
--
-- AUTO_INCREMENT для таблицы `product_order`
--
ALTER TABLE `product_order`
  MODIFY `id` int(11) NOT NULL AUTO_INCREMENT;
--
-- AUTO_INCREMENT для таблицы `user`
--
ALTER TABLE `user`
  MODIFY `id` int(11) NOT NULL AUTO_INCREMENT, AUTO_INCREMENT=5;
/*!40101 SET CHARACTER_SET_CLIENT=@OLD_CHARACTER_SET_CLIENT */;
/*!40101 SET CHARACTER_SET_RESULTS=@OLD_CHARACTER_SET_RESULTS */;
/*!40101 SET COLLATION_CONNECTION=@OLD_COLLATION_CONNECTION */;
